V-1,V-2,V-3,V-4,V-5,V-6,V-7,V-8,V-11,V-12,V-13,V-14,V-15,V-16,V-17,V-18,V-19,V-20,V-21,V-22,V-23,V-24,V-25,V-26,V-27,V-28,V-29,construction_costs,sale_prices
1,3150,920,598.5,190,1010.84,16,1200,7196,51.3,56.13,5.97,249110.7,2562.3,52.8,217,10445.6,15,733.8,815.5,1755,8002,60.74,54.26,2978.26,41407,601988.1,2200,410
1,7600,1140,3040,400,963.81,23,2900,3678,86.2,83.21,3.25,526596.4,2790.6,94.1,334.8,14488.6,15,1143.8,1316.3,8364.78,8393,90.95,89.79,11379.37,44835,929027.1,5000,1000
1,4800,840,480,100,689.84,15,630,2693,36.2,37.64,1.55,134312.5,1529,31.43,175.7,3994.7,15,589.5,765.8,1755,4930,38.7,32.04,1653.06,37933,377828.6,1200,170
1,685,202,13.7,20,459.54,4,140,1381,10,3.91,3,27231.21,316.5,9.85,14.15,152.6,12,197.6795574,152.25,1442.31,1456,9.73,8.34,686.16,8194,122031.7,165,30
1,3000,800,1230,410,631.91,13,5000,5606,149.1,134.8,4.09,1284199.4,6622.5,147.6,432.4,73143.5,14,2220.6,2244.1,9231.76,9286,136.6,140.2,9821,48260,1734973.5,5500,700
1,2500,640,1050,420,647.32,12,4800,5606,149.1,134.8,4.09,1284199.4,6622.5,147.6,432.4,73143.5,14,2220.6,2244.1,9231.76,9286,136.6,140.2,9821,48260,1734973.5,5200,700
1,1810,492,1158.4,640,843.98,11,5700,7045,160,141.34,4.72,1341072.8,8245,173.8,98.33,17361.2,11,2451.2,2526.4,9254.28,9306,136.56,138.8,9291,12393,1732937.5,5800,900
1,1150,380,575,500,590.68,6,5300,6790,203.8,162.84,6.46,1640293,10855.3,229.3,393.3,69444.8,11,2738.8,3148,9248.4,9380,158.63,169.5,10082,49572,2318397,4600,600
1,2110,540,189.9,90,732.14,5,690,3302,29.5,29.93,3.56,92354.2,1668.9,25.8,73.95,1441.4,15,431.1,550.4,1755,4252,30.13,21.54,2134.49,18409,402158.1,870,110
1,3030,930,515.1,170,1007.38,3,1500,3670,46.3,52.26,3.25,192689.2,1979,40.1,258.2,9452.7,15,629.9,764.5,1755,8420,54.62,44.79,2206.19,40234,629797.2,1700,190
1,750,200,90,120,846.15,6,1100,2628,39.3,40.21,1.52,143737.7,1284.5,33.5,142.9,3244.55,15,554.0819663,663.97,1755,5827,41.79,34.76,1527.55,19533,409677.9,1500,150
1,4080,790,530.4,130,759.17,7,1800,4691,49.1,59.29,3.53,212073.3,2103.5,47.5,108.5,5222.8,15,769.6,717.9,1755,8231,56.99,48.4,2556.96,20703.5,605688.7,2500,190
1,5030,1540,251.5,50,667.88,3,600,1892,17.4,20.75,2.46,61843.9,504.5,20.17,107.3,989.3,15,210.1,345.3,1750,2818,19.49,14.2,694.38,34738,410490.1,780,130
1,4040,890,1212,300,752.65,6,3800,3152,106,103.03,3.15,685697.5,3526.1,105.5,208.8,17584.3,15,1408.4,1473.5,8842.18,8864,105.52,105.32,12113.01,45966,1188995.8,5000,450
1,4880,1070,1854.4,380,614,5,4100,4079,143.4,131.56,3.44,1137397.7,8758.2,132.6,324.3,54857.63,14,2014.5,2143.3,9216.19,9244,129.24,134.46,10078.4,36195,1654038.4,5200,520
1,1860,480,539.4,290,836.28,4,3300,3157,92.8,96.49,3.05,552124.4,3896.7,96.9,52.2,4396.08,15,1294.2,1288,8555.54,8585,95.35,94.34,12063.5,11491.5,954628.6,3800,380
1,1460,380,627.8,430,733.24,5,4700,3629,137.4,125.83,3.45,1059966.2,6232.8,117.4,216.2,36571.75,14,1994.6,2025,9185.48,9208,123.37,127.33,9501.3,24130,1660444,6300,590
1,15670,3440,7208.2,460,1010.5,5,3000,2264,116.3,104.71,2.47,784948.5,4858.1,109.1,149.7,21723.4,15,1534.6,1795.3,9000.91,9022,109.02,112,10411.45,23548,1167697.4,3800,630
1,2620,670,1231.4,470,724.38,5,3900,5606,149.1,134.8,4.09,1284199.4,6622.5,147.6,432.4,73143.5,14,2220.6,2244.1,9231.76,9286,136.6,140.2,9821,48260,1734973.5,4800,650
1,5020,1110,1706.8,340,853.01,5,3300,3152,106,103.03,3.15,685697.5,3526.1,105.5,208.8,17584.3,15,1408.4,1473.5,8842.18,8864,105.52,105.32,12113.01,45966,1188995.8,4000,450
1,1830,410,494.1,270,650.57,6,3700,3678,86.2,83.21,3.25,526596.4,2790.6,94.1,334.8,14488.6,15,1143.8,1316.3,8364.78,8393,90.95,89.79,11379.37,44835,929027.1,4600,300
1,3560,690,925.6,260,885.89,7,2500,2217,72.9,78.63,1.81,427087.7,4521.3,85.9,83.7,3622.15,15,1014.9,1104.7,8148.33,8186,83.55,80.05,6703.06,11208.75,817526.9,3100,360
1,1590,350,667.8,420,678.64,6,4900,4079,143.4,131.56,3.44,1137397.7,8758.2,132.6,324.3,54857.63,14,2014.5,2143.3,9216.19,9244,129.24,134.46,10078.4,36195,1654038.4,6300,620
1,3700,820,962,260,749.77,6,2600,3157,92.8,96.49,3.05,552124.4,3896.7,96.9,52.2,4396.08,15,1294.2,1288,8555.54,8585,95.35,94.34,12063.5,11491.5,954628.6,3300,380
1,1450,370,406,280,702.48,5,3800,3152,106,103.03,3.15,685697.5,3526.1,105.5,208.8,17584.3,15,1408.4,1473.5,8842.18,8864,105.52,105.32,12113.01,45966,1188995.8,4600,370
1,1480,380,222,150,731.79,5,1700,6788,54.2,59.4,5.41,280451.7,3755.8,58.1,119.75,6228.3,15,795,818.5,1755,8001,63.69,58.55,3347.72,21293.5,589389.6,2100,190
1,6930,1780,485.1,70,718.57,5,590,1785,19.9,22.28,2.06,64539.9,544.5,21.11,33.58,468.15,15,226.9,347.5,1750,4527,23.28,15.27,897.88,8940.75,519679.8,830,90
1,2750,610,357.5,130,916.66,6,1300,2628,39.3,40.21,1.52,143737.7,1284.5,33.5,142.9,3244.55,15,554.0819663,663.97,1755,5827,41.79,34.76,1527.55,19533,409677.9,1700,160
1,3040,670,881.6,290,561.79,5,4900,3882,130.5,117.05,2.45,961139.2,4586.1,112.8,108.1,18285.88,14,1763.9,1837.4,9153.66,9168,120.24,121.94,9576.9,12065,1673301.4,6800,440
1,3420,880,547.2,160,890.64,4,2000,4072,47.8,57.88,3.39,198459.6,2034.8,45,54.25,2611.4,15,645.9,744.5,1755,8418,56.37,46.45,2424.37,10351.75,626960.3,2400,180
2,2600,560,598,230,415.24,10,2100,3052,124.4,108.42,2.75,921019.4,4602.1,110.3,299.4,43446.8,15,1821.6,1963.7,9114.22,9131,116.56,119.13,9459.4,47096,1391757.1,3300,400
2,3600,980,612,170,2648.04,7,250,1818,14.3,16.16,1.34,47344.8,356,17.36,26.83,247.33,15,184.7,211.9,1750,2602,14.98,12.01,408.84,8684.5,262159.4,420,145
2,900,300,351,390,755.51,6,2600,3882,130.5,117.05,2.45,961139.2,4586.1,112.8,108.1,18285.88,14,1763.9,1837.4,9153.66,9168,120.24,121.94,9576.9,12065,1673301.4,3800,600
2,820,250,303.4,370,928.27,7,2400,3152,106,103.03,3.15,685697.5,3526.1,105.5,208.8,17584.3,15,1408.4,1473.5,8842.18,8864,105.52,105.32,12113.01,45966,1188995.8,3300,580
2,680,260,20.4,30,639.5,3,170,2649,11.4,6.97,2.25,32793.7,388.9,11.73,42.45,457.8,12,167.9,209.6,1450.47,1507,10.17,9.35,508.64,24582,123618,200,40
2,1160,300,429.2,370,474.91,5,2400,5909,177.6,147.44,6.88,1451175.9,8146.1,188.9,196.65,34722.4,11,2284.4,2627.5,9297.06,9347,140.9,146.2,10149,24786,1681849.3,2600,480
2,1160,260,185.6,160,697.66,7,990,6713,56.2,61.52,6.11,320957.3,3485.8,64.5,239.5,12456.6,15,797.3,809.8,1755,8003,67.81,63.25,3758.77,42587,628132.9,1300,230
2,2820,620,310.2,110,536.64,6,1300,6788,54.2,59.4,5.41,280451.7,3755.8,58.1,119.75,6228.3,15,795,818.5,1755,8001,63.69,58.55,3347.72,21293.5,589389.6,1700,170
2,760,200,106.4,140,616.47,6,940,4986,55.5,60.78,3.94,297210.1,3663.5,61.5,179.63,9342.45,15,757.8,861.8,1755,8018,65,60.53,3538.71,31940.25,610502.7,1200,190
2,2250,690,765,340,853.01,3,2200,3152,106,103.03,3.15,685697.5,3526.1,105.5,208.8,17584.3,15,1408.4,1473.5,8842.18,8864,105.52,105.32,12113.01,45966,1188995.8,2500,430
2,5540,850,1551.2,280,957.42,9,1200,3255,69.4,76.29,2.84,417524,5146.3,81.7,372,15748.8,14,1005,1270.5,8002.21,8058,79.65,76.92,5062.76,43710,788018.3,1600,440
2,1540,400,154,100,771.33,5,700,4638,34.6,37.16,2.28,120470.6,1861.2,29.55,87.85,1997.35,15,481.1,667.8,1755,4730,35.67,28.87,1645.98,18966.5,390388.5,860,110
2,4230,820,169.2,40,780.14,7,200,2671.55,13.6,14.63,1.39,48135,427.3,16.42,68.1,617.6,12,207.6,255.4,1750,2224,13.77,11.66,403.5,33743,217000.1,340,160
2,1540,590,215.6,140,698.95,2,820,5728,52.4,57.65,5.4,262789,2931.4,54.2,59.88,3114.15,15,746.8,815.5,1755,8013,62.78,56.45,3387.72,10646.75,606524.2,910,160
2,4330,1110,86.6,20,421.26,4,170,2641.34,13.1,13.09,1.11,43837.4,339.6,15.48,51.08,463.2,12,170.3,217.2,1657.66,1759,12.61,11.03,354.55,25307.25,155181.7,220,30
2,2710,600,867.2,320,637.72,6,2300,2918,120.2,107.2,2.29,832123.7,5136.1,109.6,224.55,32585.1,15,1757.7,1817.6,9063.61,9078,112.15,115.7,10304.2,35322,1181856.2,3100,490
2,1350,350,270,200,576.74,5,1700,3157,92.8,96.49,3.05,552124.4,3896.7,96.9,52.2,4396.08,15,1294.2,1288,8555.54,8585,95.35,94.34,12063.5,11491.5,954628.6,2000,270
2,1260,330,189,150,875.96,5,790,4691,49.1,59.29,3.53,212073.3,2103.5,47.5,108.5,5222.8,15,769.6,717.9,1755,8231,56.99,48.4,2556.96,20703.5,605688.7,1000,210
2,1710,440,171,100,798.68,5,630,3840,33.4,36.56,2.32,115107.4,2211.5,28.61,43.93,998.68,15,229.2,582.9,1755,4758,34.98,27.13,1859.5,9483.25,408321.5,780,120
2,730,190,226.3,310,893.95,6,1800,3157,92.8,96.49,3.05,552124.4,3896.7,96.9,52.2,4396.08,15,1294.2,1288,8555.54,8585,95.35,94.34,12063.5,11491.5,954628.6,2200,450
2,450,120,58.5,130,913.31,7,690,1580,40.3,40.84,1.15,150266.8,1149.5,34.1,214.35,4866.83,15,573.7265313,680.29,1755,6714,43.4,36.45,1535.16,29299.5,466212.2,930,160
2,610,160,183,300,597.86,6,2700,2918,120.2,107.2,2.29,832123.7,5136.1,109.6,224.55,32585.1,15,1757.7,1817.6,9063.61,9078,112.15,115.7,10304.2,35322,1181856.2,3600,460
2,3160,700,537.2,170,694.97,6,1100,6796,62.6,70.75,3.72,365186.2,4730.8,74.3,186,7874.4,14,886.4,909.2,7930.66,8004,73.57,69.26,4756.68,21855,669640.3,1400,300
2,370,120,40.7,110,585.22,5,1200,7196,51.3,56.13,5.97,249110.7,2562.3,52.8,217,10445.6,15,733.8,815.5,1755,8002,60.74,54.26,2978.26,41407,601988.1,1500,140
2,690,160,89.7,130,770.35,8,990,3670,46.3,52.26,3.25,192689.2,1979,40.1,258.2,9452.7,15,629.9,764.5,1755,8420,54.62,44.79,2206.19,40234,629797.2,1400,190
3,2140,400,813.2,380,614,5,3200,4079,143.4,131.56,3.44,1137397.7,8758.2,132.6,324.3,54857.63,14,2014.5,2143.3,9216.19,9244,129.24,134.46,10078.4,36195,1654038.4,4000,530
3,7500,1260,2775,370,820.91,11,1800,2859,111.4,104.33,2.5,704586.3,6622.6,107.5,74.85,10861.7,15,1836.6,1932.5,8920.04,8938,110.51,108.51,12423.86,11774,1181572.6,3000,700
3,2100,500,126,60,1158.47,11,300,2309,24.3,26.87,3.51,85072.2,867.4,23.92,134.3,1872.6,15,225.7,409.3,1750,4063,27.84,18.37,1549.44,35763,420700.5,500,180
3,4600,1000,2668,580,3436.93,11,1300,3670,46.3,52.26,3.25,192689.2,1979,40.1,258.2,9452.7,15,629.9,764.5,1755,8420,54.62,44.79,2206.19,40234,629797.2,2100,900
3,5200,800,208,40,958.39,13,120,2952,11.6,8.5,1.99,35859.4,322.5,12.67,56.6,610.4,12,165.1,208.6,1504.36,1582,10.86,9.79,435.1,32776,129102.4,300,130
3,1820,400,655.2,360,474.74,5,3400,7045,160,141.34,4.72,1341072.8,8245,173.8,98.33,17361.2,11,2451.2,2526.4,9254.28,9306,136.56,138.8,9291,12393,1732937.5,4000,450
3,1500,350,810,540,637.93,6,4300,6790,203.8,162.84,6.46,1640293,10855.3,229.3,393.3,69444.8,11,2738.8,3148,9248.4,9380,158.63,169.5,10082,49572,2318397,3750,650
3,3100,640,1798,580,647.79,7,4600,6458,224.7,198.55,6.73,1622664,15001.6,306.7,83.53,16471.38,11,2871.3,3662.6,9132.66,9260,171.13,178.3,11568,12732,2435004.3,4000,700
3,2260,440,158.2,70,569.44,7,620,3302,29.5,29.93,3.56,92354.2,1668.9,25.8,73.95,1441.4,15,431.1,550.4,1755,4252,30.13,21.54,2134.49,18409,402158.1,860,80
3,1090,280,152.6,140,777.06,5,1500,5275,50.9,57.62,4.3,225500.9,2684.3,50.3,162.75,7834.2,15,742.7,812.7,1755,8102,58.66,51.86,2850.2,31055.25,588020.5,1900,180
3,2530,560,759,300,722.86,6,1800,3678,86.2,83.21,3.25,526596.4,2790.6,94.1,334.8,14488.6,15,1143.8,1316.3,8364.78,8393,90.95,89.79,11379.37,44835,929027.1,2200,330
3,4070,1040,895.4,220,634.42,4,1800,3157,92.8,96.49,3.05,552124.4,3896.7,96.9,52.2,4396.08,15,1294.2,1288,8555.54,8585,95.35,94.34,12063.5,11491.5,954628.6,2000,290
3,6000,1320,1800,300,752.65,5,2800,3152,106,103.03,3.15,685697.5,3526.1,105.5,208.8,17584.3,15,1408.4,1473.5,8842.18,8864,105.52,105.32,12113.01,45966,1188995.8,3400,400
3,820,260,49.2,60,644.47,4,630,2422,21.4,23.81,2.51,70232.2,724.1,22.05,67.15,936.3,15,284.1,346.1,1750,3739,24.05,16.21,1013.4,17881.5,428725,800,90
3,1150,300,80.5,70,718.57,5,620,1785,19.9,22.28,2.06,64539.9,544.5,21.11,33.58,468.15,15,226.9,347.5,1750,4527,23.28,15.27,897.88,8940.75,519679.8,870,90
3,4000,880,400,100,750.7,5,540,2898,30.9,31.47,2.68,98042.9,1571.1,26.74,110.93,2162.1,15,412,768,1755,4630,31.3,23.87,1991.43,27613.5,413834.5,680,110
3,3240,630,680.4,210,715.52,7,2300,2217,72.9,78.63,1.81,427087.7,4521.3,85.9,83.7,3622.15,15,1014.9,1104.7,8148.33,8186,83.55,80.05,6703.06,11208.75,817526.9,2900,290
3,1380,360,110.4,80,735.87,5,630,2507,26.9,28.4,3.31,85347.6,1163.3,24.86,36.98,720.7,15,331.3,467.1,1751.67,4198,29.95,19.7,2000.42,9204.5,420359.6,800,100
3,2170,480,542.5,250,854.84,6,1500,3255,69.4,76.29,2.84,417524,5146.3,81.7,372,15748.8,14,1005,1270.5,8002.21,8058,79.65,76.92,5062.76,43710,788018.3,1800,340
3,1820,400,200.2,110,753.66,6,920,1627,41,41.25,1.74,160401.5,1217.5,34.4,285.8,6489.1,15,614,608.2,1755,7773,45.91,38.34,1537.96,39066,524764.8,1200,140
3,580,150,17.4,30,631.89,6,240,2641.34,13.1,13.09,1.11,43837.4,339.6,15.48,51.08,463.2,12,170.3,217.2,1657.66,1759,12.61,11.03,354.55,25307.25,155181.7,370,70
3,2120,470,572.4,270,650.57,6,2900,3678,86.2,83.21,3.25,526596.4,2790.6,94.1,334.8,14488.6,15,1143.8,1316.3,8364.78,8393,90.95,89.79,11379.37,44835,929027.1,3600,300
3,5110,980,1430.8,280,505.51,7,2800,3052,124.4,108.42,2.75,921019.4,4602.1,110.3,299.4,43446.8,15,1821.6,1963.7,9114.22,9131,116.56,119.13,9459.4,47096,1391757.1,4200,410
3,3110,690,777.5,250,720.93,5,2600,3157,92.8,96.49,3.05,552124.4,3896.7,96.9,52.2,4396.08,15,1294.2,1288,8555.54,8585,95.35,94.34,12063.5,11491.5,954628.6,3100,340
3,2030,450,365.4,180,565.58,6,1800,2734,81.9,81.05,2.44,486347.8,3157.3,90.4,251.1,10866.45,15,1082.5,1176.5,8343.6,8382,87.27,85.56,10555.47,33626.25,865878.9,2200,260
3,4840,930,1452,300,541.61,7,3300,3052,124.4,108.42,2.75,921019.4,4602.1,110.3,299.4,43446.8,15,1821.6,1963.7,9114.22,9131,116.56,119.13,9459.4,47096,1391757.1,5100,430
3,4090,900,1104.3,270,655.93,5,2200,2700,103,101.84,2.65,625829.2,4386.9,100.4,156.6,13188.23,15,1424.1,1584.3,8776.71,8799,101,101.89,13571.8,34474.5,1067772,2600,370
3,3280,720,459.2,140,805.03,6,1200,2272,43.4,46.94,1.72,166267.2,1179.5,34.7,64.55,2363.18,15,641.5,652.2,1755,8315,49.92,40.26,1718.9,10058.5,540680.6,1600,150
3,1610,410,177.1,110,585.22,5,1700,7196,51.3,56.13,5.97,249110.7,2562.3,52.8,217,10445.6,15,733.8,815.5,1755,8002,60.74,54.26,2978.26,41407,601988.1,2100,140
3,1710,440,119.7,70,525.49,5,880,2898,30.9,31.47,2.68,98042.9,1571.1,26.74,110.93,2162.1,15,412,768,1755,4630,31.3,23.87,1991.43,27613.5,413834.5,1100,80
4,2100,380,819,390,601.08,4,2800,5606,149.1,134.8,4.09,1284199.4,6622.5,147.6,432.4,73143.5,14,2220.6,2244.1,9231.76,9286,136.6,140.2,9821,48260,1734973.5,3400,510
4,1800,500,954,530,626.12,7,1900,6790,203.8,162.84,6.46,1640293,10855.3,229.3,393.3,69444.8,11,2738.8,3148,9248.4,9380,158.63,169.5,10082,49572,2318397,1700,650
4,1900,550,437,230,1362.92,7,550,3670,46.3,52.26,3.25,192689.2,1979,40.1,258.2,9452.7,15,629.9,764.5,1755,8420,54.62,44.79,2206.19,40234,629797.2,750,320
4,1895,550,379,200,1446.67,6,450,2374,38,39.43,0.92,134548.4,1191.1,33.7,71.45,1622.28,15,574.6,680.5,1755,5565,41.03,33.37,1601.79,9766.5,403875,580,250
4,2100,450,546,260,816.95,5,600,2734,81.9,81.05,2.44,486347.8,3157.3,90.4,251.1,10866.45,15,1082.5,1176.5,8343.6,8382,87.27,85.56,10555.47,33626.25,865878.9,700,330
4,2050,700,492,240,527.22,10,2100,2264,116.3,104.71,2.47,784948.5,4858.1,109.1,149.7,21723.4,15,1534.6,1795.3,9000.91,9022,109.02,112,10411.45,23548,1167697.4,3300,450
4,1052,250,168.32,160,948.12,6,770,3670,46.3,52.26,3.25,192689.2,1979,40.1,258.2,9452.7,15,629.9,764.5,1755,8420,54.62,44.79,2206.19,40234,629797.2,1000,200
4,1650,432,264,160,851.23,5,550,7196,51.3,56.13,5.97,249110.7,2562.3,52.8,217,10445.6,15,733.8,815.5,1755,8002,60.74,54.26,2978.26,41407,601988.1,700,200
4,3350,800,804,240,369.9,7,1300,5606,149.1,134.8,4.09,1284199.4,6622.5,147.6,432.4,73143.5,14,2220.6,2244.1,9231.76,9286,136.6,140.2,9821,48260,1734973.5,1600,370
4,1450,336,507.5,350,442.61,2,1800,6370,190.3,154.36,5.33,1523166.6,12930,210.7,294.98,52083.6,11,2595.2,3000,9329.64,9396,148.76,159,9700,37179,1908975.7,1850,400
4,1130,260,339,300,511.56,3,1400,3629,137.4,125.83,3.45,1059966.2,6232.8,117.4,216.2,36571.75,14,1994.6,2025,9185.48,9208,123.37,127.33,9501.3,24130,1660444,1700,390
4,1200,1100,300,250,451.35,7,980,3052,124.4,108.42,2.75,921019.4,4602.1,110.3,299.4,43446.8,15,1821.6,1963.7,9114.22,9131,116.56,119.13,9459.4,47096,1391757.1,1500,370
4,1450,336,536.5,370,371.34,4,2300,3098,255.8,216.48,3.8,1704943.8,18468.3,292.4,250.58,49414.13,11,3447.8,3676.1,9967.33,10099.3,190.5,204.8,8857,38196,2310101.4,1900,390
4,1560,400,171.6,110,878.55,5,420,3840,33.4,36.56,2.32,115107.4,2211.5,28.61,43.93,998.68,15,229.2,582.9,1755,4758,34.98,27.13,1859.5,9483.25,408321.5,520,130
4,2740,610,767.2,280,542.42,6,1500,3882,130.5,117.05,2.45,961139.2,4586.1,112.8,108.1,18285.88,14,1763.9,1837.4,9153.66,9168,120.24,121.94,9576.9,12065,1673301.4,2200,440
4,2120,470,508.8,240,817.74,6,1100,2217,72.9,78.63,1.81,427087.7,4521.3,85.9,83.7,3622.15,15,1014.9,1104.7,8148.33,8186,83.55,80.05,6703.06,11208.75,817526.9,1300,350
4,1650,510,181.5,110,651.83,3,820,3670,46.3,52.26,3.25,192689.2,1979,40.1,258.2,9452.7,15,629.9,764.5,1755,8420,54.62,44.79,2206.19,40234,629797.2,920,120
4,1430,440,57.2,40,772.31,4,280,2309,24.3,26.87,3.51,85072.2,867.4,23.92,134.3,1872.6,15,225.7,409.3,1750,4063,27.84,18.37,1549.44,35763,420700.5,350,120
4,720,190,72,100,798.68,6,490,3840,33.4,36.56,2.32,115107.4,2211.5,28.61,43.93,998.68,15,229.2,582.9,1755,4758,34.98,27.13,1859.5,9483.25,408321.5,630,120
4,2070,400,269.1,130,723.64,7,730,4072,47.8,57.88,3.39,198459.6,2034.8,45,54.25,2611.4,15,645.9,744.5,1755,8418,56.37,46.45,2424.37,10351.75,626960.3,1000,170
4,1900,420,190,100,575.02,6,720,2272,43.4,46.94,1.72,166267.2,1179.5,34.7,64.55,2363.18,15,641.5,652.2,1755,8315,49.92,40.26,1718.9,10058.5,540680.6,940,110
4,390,100,62.4,160,547.1,8,1000,3255,69.4,76.29,2.84,417524,5146.3,81.7,372,15748.8,14,1005,1270.5,8002.21,8058,79.65,76.92,5062.76,43710,788018.3,1300,220
4,1540,340,446.6,290,727.56,6,1500,3152,106,103.03,3.15,685697.5,3526.1,105.5,208.8,17584.3,15,1408.4,1473.5,8842.18,8864,105.52,105.32,12113.01,45966,1188995.8,1900,430
4,2410,530,216.9,90,525.58,6,640,4691,49.1,59.29,3.53,212073.3,2103.5,47.5,108.5,5222.8,15,769.6,717.9,1755,8231,56.99,48.4,2556.96,20703.5,605688.7,840,130
4,440,120,13.2,30,779.57,8,160,2312,10.6,5.44,2.58,30012.46,345.3,10.79,28.3,305.2,12,180.3715071,158.45,1439,1450,9.91,8.85,590.64,16388,121857.2,250,60
4,1430,320,42.9,30,477.9,6,170,2197,15.5,17.69,1.67,52148.6,417.7,18.3,53.65,494.65,15,202.8,260.4,1750,2455,15.85,12.54,450.34,17369,268843.7,270,30
4,1190,310,130.9,110,642.37,5,870,4691,49.1,59.29,3.53,212073.3,2103.5,47.5,108.5,5222.8,15,769.6,717.9,1755,8231,56.99,48.4,2556.96,20703.5,605688.7,1100,150
4,930,240,93,100,770.16,5,460,3321,31.4,33,2.69,116552.6,1430.8,27.68,147.9,2882.8,15,763.2,582.8,1755,4695,32.83,25.62,1936.75,36818,415431.1,580,110
4,1660,430,282.2,170,728.63,5,1200,6713,59.1,65.61,5.65,339325.9,3878.4,70.2,93,3937.2,14,831.8,938.4,7924.48,7994,71.56,65.65,4294.06,10927.5,648845.6,1500,240
4,1800,560,36,20,459.54,4,110,1381,10,3.91,3,27231.21,316.5,9.85,14.15,152.6,12,197.6795574,152.25,1442.31,1456,9.73,8.34,686.16,8194,122031.7,130,30
4,1500,330,540,360,867.43,7,1300,3678,86.2,83.21,3.25,526596.4,2790.6,94.1,334.8,14488.6,15,1143.8,1316.3,8364.78,8393,90.95,89.79,11379.37,44835,929027.1,1700,440
4,2300,510,207,90,536.26,6,580,3213,44.5,49.8,2.48,176542.9,1563.4,35,129.1,4726.35,15,611.8,670.1,1755,9048,50.28,41.8,1766.35,20117,566492.3,740,110
4,1600,360,272,170,728.63,7,1200,6713,59.1,65.61,5.65,339325.9,3878.4,70.2,93,3937.2,14,831.8,938.4,7924.48,7994,71.56,65.65,4294.06,10927.5,648845.6,1500,310
5,2140,470,235.4,110,663.38,6,660,2964,45.6,51.63,2.67,183726,1298.1,39.7,193.65,7089.53,15,627.6,669.8,1755,8690,51.89,42.87,1976.26,30175.5,611105.4,840,140
5,2010,520,381.9,190,814.35,4,1200,6713,59.1,65.61,5.65,339325.9,3878.4,70.2,93,3937.2,14,831.8,938.4,7924.48,7994,71.56,65.65,4294.06,10927.5,648845.6,1400,240
5,2670,690,213.6,80,600.56,5,340,2898,30.9,31.47,2.68,98042.9,1571.1,26.74,110.93,2162.1,15,412,768,1755,4630,31.3,23.87,1991.43,27613.5,413834.5,430,90
5,2290,710,91.6,40,637.2,3,190,2197,15.5,17.69,1.67,52148.6,417.7,18.3,53.65,494.65,15,202.8,260.4,1750,2455,15.85,12.54,450.34,17369,268843.7,240,70
5,2370,610,189.6,80,617.07,4,380,4638,34.6,37.16,2.28,120470.6,1861.2,29.55,87.85,1997.35,15,481.1,667.8,1755,4730,35.67,28.87,1645.98,18966.5,390388.5,450,90
5,1700,380,493,290,494.51,7,1700,3629,137.4,125.83,3.45,1059966.2,6232.8,117.4,216.2,36571.75,14,1994.6,2025,9185.48,9208,123.37,127.33,9501.3,24130,1660444,2300,450
5,6740,1300,674,100,603.07,6,780,2964,45.6,51.63,2.67,183726,1298.1,39.7,193.65,7089.53,15,627.6,669.8,1755,8690,51.89,42.87,1976.26,30175.5,611105.4,990,130
5,3180,700,1049.4,330,732.16,5,1600,2859,111.4,104.33,2.5,704586.3,6622.6,107.5,74.85,10861.7,15,1836.6,1932.5,8920.04,8938,110.51,108.51,12423.86,11774,1181572.6,2000,430
5,2630,580,315.6,120,599.1,6,850,5728,52.4,57.65,5.4,262789,2931.4,54.2,59.88,3114.15,15,746.8,815.5,1755,8013,62.78,56.45,3387.72,10646.75,606524.2,1100,160
5,870,230,69.6,80,650.79,6,320,3302,29.5,29.93,3.56,92354.2,1668.9,25.8,73.95,1441.4,15,431.1,550.4,1755,4252,30.13,21.54,2134.49,18409,402158.1,430,100
5,1810,400,488.7,270,538.07,6,2000,2918,120.2,107.2,2.29,832123.7,5136.1,109.6,224.55,32585.1,15,1757.7,1817.6,9063.61,9078,112.15,115.7,10304.2,35322,1181856.2,2700,420
5,2190,490,503.7,230,786.46,6,1200,3255,69.4,76.29,2.84,417524,5146.3,81.7,372,15748.8,14,1005,1270.5,8002.21,8058,79.65,76.92,5062.76,43710,788018.3,1500,320
5,2500,640,300,120,599.1,4,810,5728,52.4,57.65,5.4,262789,2931.4,54.2,59.88,3114.15,15,746.8,815.5,1755,8013,62.78,56.45,3387.72,10646.75,606524.2,970,140
5,3650,940,1168,320,802.83,5,1500,3152,106,103.03,3.15,685697.5,3526.1,105.5,208.8,17584.3,15,1408.4,1473.5,8842.18,8864,105.52,105.32,12113.01,45966,1188995.8,1800,420
5,990,260,297,300,581.16,6,1700,3882,130.5,117.05,2.45,961139.2,4586.1,112.8,108.1,18285.88,14,1763.9,1837.4,9153.66,9168,120.24,121.94,9576.9,12065,1673301.4,2500,470
5,2330,600,256.3,110,792.82,4,390,2790,35.7,37.42,1.28,124042.2,1083.9,30.49,131.78,2996.03,15,544,652.8,1755,4718,36.4,30.32,1625.98,28449.75,377633.3,460,120
5,1190,310,107.1,90,632.29,5,500,1580,40.3,40.84,1.15,150266.8,1149.5,34.1,214.35,4866.83,15,573.7265313,680.29,1755,6714,43.4,36.45,1535.16,29299.5,466212.2,630,110
5,2370,730,71.1,30,400.73,3,210,1892,17.4,20.75,2.46,61843.9,504.5,20.17,107.3,989.3,15,210.1,345.3,1750,2818,19.49,14.2,694.38,34738,410490.1,270,90
5,1040,270,41.6,40,534.3,5,210,1892,17.4,20.75,2.46,61843.9,504.5,20.17,107.3,989.3,15,210.1,345.3,1750,2818,19.49,14.2,694.38,34738,410490.1,310,60
5,5280,1160,1584,300,659.02,5,1500,2264,116.3,104.71,2.47,784948.5,4858.1,109.1,149.7,21723.4,15,1534.6,1795.3,9000.91,9022,109.02,112,10411.45,23548,1167697.4,1900,420
6,760,200,174.8,230,786.46,11,810,3255,69.4,76.29,2.84,417524,5146.3,81.7,372,15748.8,14,1005,1270.5,8002.21,8058,79.65,76.92,5062.76,43710,788018.3,1200,400
6,920,210,119.6,130,649.02,8,1300,5728,52.4,57.65,5.4,262789,2931.4,54.2,59.88,3114.15,15,746.8,815.5,1755,8013,62.78,56.45,3387.72,10646.75,606524.2,1900,200
6,1020,270,142.8,140,829.6,6,840,3670,46.3,52.26,3.25,192689.2,1979,40.1,258.2,9452.7,15,629.9,764.5,1755,8420,54.62,44.79,2206.19,40234,629797.2,1100,180
6,1310,340,52.4,40,534.3,5,470,1892,17.4,20.75,2.46,61843.9,504.5,20.17,107.3,989.3,15,210.1,345.3,1750,2818,19.49,14.2,694.38,34738,410490.1,690,70
6,1040,270,93.6,90,718.81,5,810,3840,33.4,36.56,2.32,115107.4,2211.5,28.61,43.93,998.68,15,229.2,582.9,1755,4758,34.98,27.13,1859.5,9483.25,408321.5,1000,110
6,200,60,6,30,718.79,11,230,2952,11.6,8.5,1.99,35859.4,322.5,12.67,56.6,610.4,12,165.1,208.6,1504.36,1582,10.86,9.79,435.1,32776,129102.4,500,140
6,2880,740,662.4,230,579.07,5,2300,3561,98.2,98.64,2.76,602224.7,3819,97.2,104.4,8792.15,15,1298.8,1389.6,8699.73,8735,98.12,98.45,13596.37,22983,973523.7,2800,300
6,1820,400,546,300,541.61,7,2600,3052,124.4,108.42,2.75,921019.4,4602.1,110.3,299.4,43446.8,15,1821.6,1963.7,9114.22,9131,116.56,119.13,9459.4,47096,1391757.1,3900,430
6,3050,670,1006.5,330,508.61,5,4300,5606,149.1,134.8,4.09,1284199.4,6622.5,147.6,432.4,73143.5,14,2220.6,2244.1,9231.76,9286,136.6,140.2,9821,48260,1734973.5,5200,460
6,850,220,68,80,548.12,5,870,1627,41,41.25,1.74,160401.5,1217.5,34.4,285.8,6489.1,15,614,608.2,1755,7773,45.91,38.34,1537.96,39066,524764.8,1100,100
6,1070,210,42.8,40,772.31,9,430,2309,24.3,26.87,3.51,85072.2,867.4,23.92,134.3,1872.6,15,225.7,409.3,1750,4063,27.84,18.37,1549.44,35763,420700.5,670,110
6,540,140,70.2,130,759.17,7,1400,4691,49.1,59.29,3.53,212073.3,2103.5,47.5,108.5,5222.8,15,769.6,717.9,1755,8231,56.99,48.4,2556.96,20703.5,605688.7,1900,180
6,1800,400,378,210,659.84,6,2000,2734,81.9,81.05,2.44,486347.8,3157.3,90.4,251.1,10866.45,15,1082.5,1176.5,8343.6,8382,87.27,85.56,10555.47,33626.25,865878.9,2400,300
6,3260,720,489,150,642.91,5,1500,6713,59.1,65.61,5.65,339325.9,3878.4,70.2,93,3937.2,14,831.8,938.4,7924.48,7994,71.56,65.65,4294.06,10927.5,648845.6,1800,220
6,1450,320,377,260,443.35,7,3100,3629,137.4,125.83,3.45,1059966.2,6232.8,117.4,216.2,36571.75,14,1994.6,2025,9185.48,9208,123.37,127.33,9501.3,24130,1660444,4200,410
6,840,220,100.8,120,690.02,6,770,2272,43.4,46.94,1.72,166267.2,1179.5,34.7,64.55,2363.18,15,641.5,652.2,1755,8315,49.92,40.26,1718.9,10058.5,540680.6,1000,130
6,1330,300,172.9,130,649.02,7,1100,5728,52.4,57.65,5.4,262789,2931.4,54.2,59.88,3114.15,15,746.8,815.5,1755,8013,62.78,56.45,3387.72,10646.75,606524.2,1500,190
6,360,100,86.4,240,409.25,8,3300,3629,137.4,125.83,3.45,1059966.2,6232.8,117.4,216.2,36571.75,14,1994.6,2025,9185.48,9208,123.37,127.33,9501.3,24130,1660444,4600,390
6,1910,420,152.8,80,425.62,6,1000,7196,51.3,56.13,5.97,249110.7,2562.3,52.8,217,10445.6,15,733.8,815.5,1755,8002,60.74,54.26,2978.26,41407,601988.1,1300,110
7,350,143,122.5,350,442.61,3,1800,6370,190.3,154.36,5.33,1523166.6,12930,210.7,294.98,52083.6,11,2595.2,3000,9329.64,9396,148.76,159,9700,37179,1908975.7,1900,420
7,900,150,63,70,751.88,6,210,2422,21.4,23.81,2.51,70232.2,724.1,22.05,67.15,936.3,15,284.1,346.1,1750,3739,24.05,16.21,1013.4,17881.5,428725,300,100
7,2190,420,459.9,210,652.57,7,1000,2247,76.9,79.93,2.04,463829,4107.4,88.2,167.4,7244.3,15,1032.5,1203.3,8271.46,8325,85.37,82.89,8993,22417.5,833494.6,1300,300
7,770,170,231,300,728.81,7,1400,2700,103,101.84,2.65,625829.2,4386.9,100.4,156.6,13188.23,15,1424.1,1584.3,8776.71,8799,101,101.89,13571.8,34474.5,1067772,1800,440
7,1060,240,190.8,180,784.87,7,1100,6713,56.2,61.52,6.11,320957.3,3485.8,64.5,239.5,12456.6,15,797.3,809.8,1755,8003,67.81,63.25,3758.77,42587,628132.9,1500,250
7,3270,510,327,100,579.84,9,230,2028,23.1,25.34,2.3,73530.1,754.3,22.99,100.73,1404.45,15,277.8,437,1750,3875,25.69,17.34,1232.42,26822.25,405541.8,360,90
7,920,290,46,50,513.26,4,190,1785,19.9,22.28,2.06,64539.9,544.5,21.11,33.58,468.15,15,226.9,347.5,1750,4527,23.28,15.27,897.88,8940.75,519679.8,260,60
7,360,100,86.4,240,409.25,8,1600,3629,137.4,125.83,3.45,1059966.2,6232.8,117.4,216.2,36571.75,14,1994.6,2025,9185.48,9208,123.37,127.33,9501.3,24130,1660444,2200,400
7,680,180,40.8,60,644.47,6,300,2422,21.4,23.81,2.51,70232.2,724.1,22.05,67.15,936.3,15,284.1,346.1,1750,3739,24.05,16.21,1013.4,17881.5,428725,420,90
7,940,250,94,100,723.33,6,550,2374,38,39.43,0.92,134548.4,1191.1,33.7,71.45,1622.28,15,574.6,680.5,1755,5565,41.03,33.37,1601.79,9766.5,403875,720,120
7,7010,1200,1472.1,210,718.07,7,1200,3255,69.4,76.29,2.84,417524,5146.3,81.7,372,15748.8,14,1005,1270.5,8002.21,8058,79.65,76.92,5062.76,43710,788018.3,1500,300
7,1310,290,104.8,80,578.67,7,480,2374,38,39.43,0.92,134548.4,1191.1,33.7,71.45,1622.28,15,574.6,680.5,1755,5565,41.03,33.37,1601.79,9766.5,403875,650,100
7,2110,470,189.9,90,620.86,5,490,2693,36.2,37.64,1.55,134312.5,1529,31.43,175.7,3994.7,15,589.5,765.8,1755,4930,38.7,32.04,1653.06,37933,377828.6,590,110
7,1380,310,193.2,140,744.83,7,700,7196,51.3,56.13,5.97,249110.7,2562.3,52.8,217,10445.6,15,733.8,815.5,1755,8002,60.74,54.26,2978.26,41407,601988.1,960,200
7,1540,400,154,100,555.04,5,870,5275,50.9,57.62,4.3,225500.9,2684.3,50.3,162.75,7834.2,15,742.7,812.7,1755,8102,58.66,51.86,2850.2,31055.25,588020.5,1100,140
7,1450,320,203,140,600.05,7,840,6713,59.1,65.61,5.65,339325.9,3878.4,70.2,93,3937.2,14,831.8,938.4,7924.48,7994,71.56,65.65,4294.06,10927.5,648845.6,1100,250
7,1980,440,495,250,549.19,6,1700,2264,116.3,104.71,2.47,784948.5,4858.1,109.1,149.7,21723.4,15,1534.6,1795.3,9000.91,9022,109.02,112,10411.45,23548,1167697.4,2300,360
7,2390,610,71.7,30,585.11,4,170,2671.55,13.6,14.63,1.39,48135,427.3,16.42,68.1,617.6,12,207.6,255.4,1750,2224,13.77,11.66,403.5,33743,217000.1,220,50
7,1990,440,258.7,130,721.55,6,840,5275,50.9,57.62,4.3,225500.9,2684.3,50.3,162.75,7834.2,15,742.7,812.7,1755,8102,58.66,51.86,2850.2,31055.25,588020.5,1100,180
7,360,80,21.6,60,644.47,11,330,2422,21.4,23.81,2.51,70232.2,724.1,22.05,67.15,936.3,15,284.1,346.1,1750,3739,24.05,16.21,1013.4,17881.5,428725,570,100
7,2240,430,134.4,60,434,8,390,2374,38,39.43,0.92,134548.4,1191.1,33.7,71.45,1622.28,15,574.6,680.5,1755,5565,41.03,33.37,1601.79,9766.5,403875,550,90
8,1580,363,331.8,210,526.86,8,1200,3152,106,103.03,3.15,685697.5,3526.1,105.5,208.8,17584.3,15,1408.4,1473.5,8842.18,8864,105.52,105.32,12113.01,45966,1188995.8,1800,350
8,1580,363,284.4,180,615.49,8,770,3255,69.4,76.29,2.84,417524,5146.3,81.7,372,15748.8,14,1005,1270.5,8002.21,8058,79.65,76.92,5062.76,43710,788018.3,1000,250
8,270,90,24.3,90,693.15,7,480,3321,31.4,33,2.69,116552.6,1430.8,27.68,147.9,2882.8,15,763.2,582.8,1755,4695,32.83,25.62,1936.75,36818,415431.1,650,100
8,620,160,62,100,436.04,6,1100,6713,56.2,61.52,6.11,320957.3,3485.8,64.5,239.5,12456.6,15,797.3,809.8,1755,8003,67.81,63.25,3758.77,42587,628132.9,1400,150
8,1510,390,241.6,160,654.09,5,1100,6796,62.6,70.75,3.72,365186.2,4730.8,74.3,186,7874.4,14,886.4,909.2,7930.66,8004,73.57,69.26,4756.68,21855,669640.3,1300,210
8,470,120,14.1,30,579.23,7,330,2309,24.3,26.87,3.51,85072.2,867.4,23.92,134.3,1872.6,15,225.7,409.3,1750,4063,27.84,18.37,1549.44,35763,420700.5,460,90
8,1020,320,102,100,575.02,4,550,2272,43.4,46.94,1.72,166267.2,1179.5,34.7,64.55,2363.18,15,641.5,652.2,1755,8315,49.92,40.26,1718.9,10058.5,540680.6,670,110
8,450,120,103.5,230,505.25,7,1700,2264,116.3,104.71,2.47,784948.5,4858.1,109.1,149.7,21723.4,15,1534.6,1795.3,9000.91,9022,109.02,112,10411.45,23548,1167697.4,2400,390
8,530,140,148.4,280,542.42,7,1800,3882,130.5,117.05,2.45,961139.2,4586.1,112.8,108.1,18285.88,14,1763.9,1837.4,9153.66,9168,120.24,121.94,9576.9,12065,1673301.4,2700,470
8,1050,270,115.5,110,612.31,6,840,4072,47.8,57.88,3.39,198459.6,2034.8,45,54.25,2611.4,15,645.9,744.5,1755,8418,56.37,46.45,2424.37,10351.75,626960.3,1100,140
8,640,250,96,150,654.06,2,1100,6713,56.2,61.52,6.11,320957.3,3485.8,64.5,239.5,12456.6,15,797.3,809.8,1755,8003,67.81,63.25,3758.77,42587,628132.9,1200,170
8,400,110,40,100,499.25,7,880,5728,52.4,57.65,5.4,262789,2931.4,54.2,59.88,3114.15,15,746.8,815.5,1755,8013,62.78,56.45,3387.72,10646.75,606524.2,1200,160
8,1300,290,247,190,735.11,7,1100,3713,66.2,73.13,3.06,382101.5,5131.4,76.9,279,11811.6,14,907.1,1004.6,7976.88,8020,75.42,73.66,5096.97,32782.5,692600,1400,300
8,670,180,154.1,230,577.03,6,1700,3152,106,103.03,3.15,685697.5,3526.1,105.5,208.8,17584.3,15,1408.4,1473.5,8842.18,8864,105.52,105.32,12113.01,45966,1188995.8,2200,350
8,510,160,15.3,30,654.64,5,150,2580.93,12.1,10.03,1.24,38193.64,287.2,13.6,17.03,154.4,12,183.6,211.1,1612.95,1649,11.62,10.06,392.96,8435.75,141542.6,210,50
8,780,200,241.8,310,753.11,6,1400,2700,103,101.84,2.65,625829.2,4386.9,100.4,156.6,13188.23,15,1424.1,1584.3,8776.71,8799,101,101.89,13571.8,34474.5,1067772,1700,400
8,1060,280,349.8,330,795.15,5,1600,3678,86.2,83.21,3.25,526596.4,2790.6,94.1,334.8,14488.6,15,1143.8,1316.3,8364.78,8393,90.95,89.79,11379.37,44835,929027.1,1900,360
8,1580,410,47.4,30,585.11,5,210,2671.55,13.6,14.63,1.39,48135,427.3,16.42,68.1,617.6,12,207.6,255.4,1750,2224,13.77,11.66,403.5,33743,217000.1,300,70
8,1540,340,154,100,592.57,7,710,3670,46.3,52.26,3.25,192689.2,1979,40.1,258.2,9452.7,15,629.9,764.5,1755,8420,54.62,44.79,2206.19,40234,629797.2,970,140
8,770,200,146.3,190,590.42,6,1300,2247,76.9,79.93,2.04,463829,4107.4,88.2,167.4,7244.3,15,1032.5,1203.3,8271.46,8325,85.37,82.89,8993,22417.5,833494.6,1600,240
8,550,140,44,80,578.67,7,530,2374,38,39.43,0.92,134548.4,1191.1,33.7,71.45,1622.28,15,574.6,680.5,1755,5565,41.03,33.37,1601.79,9766.5,403875,720,100
9,970,250,97,100,583.97,6,360,4691,49.1,59.29,3.53,212073.3,2103.5,47.5,108.5,5222.8,15,769.6,717.9,1755,8231,56.99,48.4,2556.96,20703.5,605688.7,480,140
9,500,130,145,290,523.56,7,920,3052,124.4,108.42,2.75,921019.4,4602.1,110.3,299.4,43446.8,15,1821.6,1963.7,9114.22,9131,116.56,119.13,9459.4,47096,1391757.1,1400,420
9,1680,370,285.6,170,490.23,6,800,3157,92.8,96.49,3.05,552124.4,3896.7,96.9,52.2,4396.08,15,1294.2,1288,8555.54,8585,95.35,94.34,12063.5,11491.5,954628.6,1000,260
9,520,120,62.4,120,667.98,9,360,4072,47.8,57.88,3.39,198459.6,2034.8,45,54.25,2611.4,15,645.9,744.5,1755,8418,56.37,46.45,2424.37,10351.75,626960.3,520,170
10,300,80,33,110,536.64,9,670,6788,54.2,59.4,5.41,280451.7,3755.8,58.1,119.75,6228.3,15,795,818.5,1755,8001,63.69,58.55,3347.72,21293.5,589389.6,960,180
10,280,90,44.8,160,388.7,6,710,2700,103,101.84,2.65,625829.2,4386.9,100.4,156.6,13188.23,15,1424.1,1584.3,8776.71,8799,101,101.89,13571.8,34474.5,1067772,870,210
10,660,170,112.2,170,490.23,6,680,3157,92.8,96.49,3.05,552124.4,3896.7,96.9,52.2,4396.08,15,1294.2,1288,8555.54,8585,95.35,94.34,12063.5,11491.5,954628.6,850,260
10,450,120,54,120,490.57,8,500,6796,62.6,70.75,3.72,365186.2,4730.8,74.3,186,7874.4,14,886.4,909.2,7930.66,8004,73.57,69.26,4756.68,21855,669640.3,670,210
10,950,250,114,120,514.33,5,500,6713,59.1,65.61,5.65,339325.9,3878.4,70.2,93,3937.2,14,831.8,938.4,7924.48,7994,71.56,65.65,4294.06,10927.5,648845.6,620,170
10,430,100,8.6,20,436.43,10,90,2580.93,12.1,10.03,1.24,38193.64,287.2,13.6,17.03,154.4,12,183.6,211.1,1612.95,1649,11.62,10.06,392.96,8435.75,141542.6,180,90
10,490,160,14.7,30,467.3,5,100,1818,14.3,16.16,1.34,47344.8,356,17.36,26.83,247.33,15,184.7,211.9,1750,2602,14.98,12.01,408.84,8684.5,262159.4,150,50
11,870,230,174,200,481.91,6,1300,3678,86.2,83.21,3.25,526596.4,2790.6,94.1,334.8,14488.6,15,1143.8,1316.3,8364.78,8393,90.95,89.79,11379.37,44835,929027.1,1600,220
11,220,70,30.8,140,478.71,7,770,3255,69.4,76.29,2.84,417524,5146.3,81.7,372,15748.8,14,1005,1270.5,8002.21,8058,79.65,76.92,5062.76,43710,788018.3,970,210
11,600,160,12,20,392.14,6,110,1562,16.8,19.22,1.51,55940,494.6,19.23,80.48,741.98,15,222.7,288.6,1750,2687,17.23,13.37,562.83,26053.5,279532.2,180,60
11,2650,590,238.5,90,449.32,5,810,5728,52.4,57.65,5.4,262789,2931.4,54.2,59.88,3114.15,15,746.8,815.5,1755,8013,62.78,56.45,3387.72,10646.75,606524.2,1000,110
12,1370,300,109.6,80,476.68,7,640,3213,44.5,49.8,2.48,176542.9,1563.4,35,129.1,4726.35,15,611.8,670.1,1755,9048,50.28,41.8,1766.35,20117,566492.3,850,100
12,700,180,42,60,488.09,6,250,3302,29.5,29.93,3.56,92354.2,1668.9,25.8,73.95,1441.4,15,431.1,550.4,1755,4252,30.13,21.54,2134.49,18409,402158.1,330,80
12,1810,470,488.7,270,523.05,5,860,3882,130.5,117.05,2.45,961139.2,4586.1,112.8,108.1,18285.88,14,1763.9,1837.4,9153.66,9168,120.24,121.94,9576.9,12065,1673301.4,1200,410
12,960,250,67.2,70,417.09,5,350,3213,44.5,49.8,2.48,176542.9,1563.4,35,129.1,4726.35,15,611.8,670.1,1755,9048,50.28,41.8,1766.35,20117,566492.3,430,80
12,990,310,99,100,499.25,4,550,5728,52.4,57.65,5.4,262789,2931.4,54.2,59.88,3114.15,15,746.8,815.5,1755,8013,62.78,56.45,3387.72,10646.75,606524.2,660,120
12,980,250,107.8,110,471.47,5,780,6713,59.1,65.61,5.65,339325.9,3878.4,70.2,93,3937.2,14,831.8,938.4,7924.48,7994,71.56,65.65,4294.06,10927.5,648845.6,960,160
12,380,100,60.8,160,547.1,8,650,3255,69.4,76.29,2.84,417524,5146.3,81.7,372,15748.8,14,1005,1270.5,8002.21,8058,79.65,76.92,5062.76,43710,788018.3,840,230
12,540,140,75.6,140,478.71,6,900,3255,69.4,76.29,2.84,417524,5146.3,81.7,372,15748.8,14,1005,1270.5,8002.21,8058,79.65,76.92,5062.76,43710,788018.3,1100,200
12,280,80,22.4,80,444.03,9,650,5275,50.9,57.62,4.3,225500.9,2684.3,50.3,162.75,7834.2,15,742.7,812.7,1755,8102,58.66,51.86,2850.2,31055.25,588020.5,970,140
12,1000,260,20,20,436.43,5,80,2580.93,12.1,10.03,1.24,38193.64,287.2,13.6,17.03,154.4,12,183.6,211.1,1612.95,1649,11.62,10.06,392.96,8435.75,141542.6,110,30
12,2390,530,239,100,499.25,6,400,5728,52.4,57.65,5.4,262789,2931.4,54.2,59.88,3114.15,15,746.8,815.5,1755,8013,62.78,56.45,3387.72,10646.75,606524.2,520,140
12,810,210,194.4,240,532.48,6,900,2859,111.4,104.33,2.5,704586.3,6622.6,107.5,74.85,10861.7,15,1836.6,1932.5,8920.04,8938,110.51,108.51,12423.86,11774,1181572.6,1200,330
12,230,60,18.4,80,460.02,10,350,2272,43.4,46.94,1.72,166267.2,1179.5,34.7,64.55,2363.18,15,641.5,652.2,1755,8315,49.92,40.26,1718.9,10058.5,540680.6,560,110
13,982.5,202.5,353.7,360,554.84,5,1900,5606,149.1,134.8,4.09,1284199.4,6622.5,147.6,432.4,73143.5,14,2220.6,2244.1,9231.76,9286,136.6,140.2,9821,48260,1734973.5,2300,500
13,740,190,37,50,361.67,6,340,2374,38,39.43,0.92,134548.4,1191.1,33.7,71.45,1622.28,15,574.6,680.5,1755,5565,41.03,33.37,1601.79,9766.5,403875,440,70
13,700,220,63,90,521.86,4,220,2028,23.1,25.34,2.3,73530.1,754.3,22.99,100.73,1404.45,15,277.8,437,1750,3875,25.69,17.34,1232.42,26822.25,405541.8,280,70
13,960,220,67.2,70,405.89,7,140,2028,23.1,25.34,2.3,73530.1,754.3,22.99,100.73,1404.45,15,277.8,437,1750,3875,25.69,17.34,1232.42,26822.25,405541.8,200,60
13,620,160,31,50,342.57,6,320,1627,41,41.25,1.74,160401.5,1217.5,34.4,285.8,6489.1,15,614,608.2,1755,7773,45.91,38.34,1537.96,39066,524764.8,420,70
13,730,230,14.6,20,397.43,5,150,2611.13,12.7,11.56,1.5,41015.52,373.9,14.54,34.05,308.8,12,192.6,232.9,1591.75,1601,11.91,10.41,363.13,16871.5,146872.1,200,30
13,1780,390,231.4,130,442.94,7,510,2217,72.9,78.63,1.81,427087.7,4521.3,85.9,83.7,3622.15,15,1014.9,1104.7,8148.33,8186,83.55,80.05,6703.06,11208.75,817526.9,630,190
13,520,140,78,150,466.12,7,1200,2247,76.9,79.93,2.04,463829,4107.4,88.2,167.4,7244.3,15,1032.5,1203.3,8271.46,8325,85.37,82.89,8993,22417.5,833494.6,1500,220
13,930,240,46.5,50,513.26,6,220,1785,19.9,22.28,2.06,64539.9,544.5,21.11,33.58,468.15,15,226.9,347.5,1750,4527,23.28,15.27,897.88,8940.75,519679.8,330,80
13,670,180,46.9,70,539.11,6,290,3321,31.4,33,2.69,116552.6,1430.8,27.68,147.9,2882.8,15,763.2,582.8,1755,4695,32.83,25.62,1936.75,36818,415431.1,370,80
13,550,140,77,140,439.9,7,1000,2734,81.9,81.05,2.44,486347.8,3157.3,90.4,251.1,10866.45,15,1082.5,1176.5,8343.6,8382,87.27,85.56,10555.47,33626.25,865878.9,1300,210
13,430,110,81.7,190,476.68,8,820,3152,106,103.03,3.15,685697.5,3526.1,105.5,208.8,17584.3,15,1408.4,1473.5,8842.18,8864,105.52,105.32,12113.01,45966,1188995.8,1200,310
13,1230,270,98.4,80,474.06,6,680,3670,46.3,52.26,3.25,192689.2,1979,40.1,258.2,9452.7,15,629.9,764.5,1755,8420,54.62,44.79,2206.19,40234,629797.2,890,100
14,840,215,218.4,260,1495.05,10,440,2272,43.4,46.94,1.72,166267.2,1179.5,34.7,64.55,2363.18,15,641.5,652.2,1755,8315,49.92,40.26,1718.9,10058.5,540680.6,700,350
14,730,190,65.7,90,542.77,6,490,2964,45.6,51.63,2.67,183726,1298.1,39.7,193.65,7089.53,15,627.6,669.8,1755,8690,51.89,42.87,1976.26,30175.5,611105.4,620,110
14,470,120,32.9,70,493.59,7,380,2628,39.3,40.21,1.52,143737.7,1284.5,33.5,142.9,3244.55,15,554.0819663,663.97,1755,5827,41.79,34.76,1527.55,19533,409677.9,520,90
14,800,210,56,70,372.41,6,440,7196,51.3,56.13,5.97,249110.7,2562.3,52.8,217,10445.6,15,733.8,815.5,1755,8002,60.74,54.26,2978.26,41407,601988.1,570,100
14,760,240,15.2,20,459.54,4,80,1381,10,3.91,3,27231.21,316.5,9.85,14.15,152.6,12,197.6795574,152.25,1442.31,1456,9.73,8.34,686.16,8194,122031.7,100,30
14,850,220,59.5,70,422.15,5,520,2964,45.6,51.63,2.67,183726,1298.1,39.7,193.65,7089.53,15,627.6,669.8,1755,8690,51.89,42.87,1976.26,30175.5,611105.4,630,80
14,310,80,31,100,487.86,9,770,6788,54.2,59.4,5.41,280451.7,3755.8,58.1,119.75,6228.3,15,795,818.5,1755,8001,63.69,58.55,3347.72,21293.5,589389.6,1100,170
14,670,180,174.2,260,469.4,7,1100,3052,124.4,108.42,2.75,921019.4,4602.1,110.3,299.4,43446.8,15,1821.6,1963.7,9114.22,9131,116.56,119.13,9459.4,47096,1391757.1,1700,380
14,1070,280,74.9,70,539.11,6,260,3321,31.4,33,2.69,116552.6,1430.8,27.68,147.9,2882.8,15,763.2,582.8,1755,4695,32.83,25.62,1936.75,36818,415431.1,330,80
14,920,290,36.8,40,325.39,4,370,3302,29.5,29.93,3.56,92354.2,1668.9,25.8,73.95,1441.4,15,431.1,550.4,1755,4252,30.13,21.54,2134.49,18409,402158.1,450,50
14,940,250,56.4,60,462.8,5,190,4638,34.6,37.16,2.28,120470.6,1861.2,29.55,87.85,1997.35,15,481.1,667.8,1755,4730,35.67,28.87,1645.98,18966.5,390388.5,230,70
14,2490,550,199.2,80,467.18,6,700,4691,49.1,59.29,3.53,212073.3,2103.5,47.5,108.5,5222.8,15,769.6,717.9,1755,8231,56.99,48.4,2556.96,20703.5,605688.7,930,120
14,1110,250,88.8,80,390.29,7,900,6788,54.2,59.4,5.41,280451.7,3755.8,58.1,119.75,6228.3,15,795,818.5,1755,8001,63.69,58.55,3347.72,21293.5,589389.6,1200,120
14,580,150,75.4,130,442.94,7,1100,2217,72.9,78.63,1.81,427087.7,4521.3,85.9,83.7,3622.15,15,1014.9,1104.7,8148.33,8186,83.55,80.05,6703.06,11208.75,817526.9,1300,190
14,330,90,23.1,70,414.8,9,320,3670,46.3,52.26,3.25,192689.2,1979,40.1,258.2,9452.7,15,629.9,764.5,1755,8420,54.62,44.79,2206.19,40234,629797.2,470,100
14,720,190,165.6,230,354.48,6,1200,5606,149.1,134.8,4.09,1284199.4,6622.5,147.6,432.4,73143.5,14,2220.6,2244.1,9231.76,9286,136.6,140.2,9821,48260,1734973.5,1500,350
14,1080,240,205.2,190,343.02,6,1000,3052,124.4,108.42,2.75,921019.4,4602.1,110.3,299.4,43446.8,15,1821.6,1963.7,9114.22,9131,116.56,119.13,9459.4,47096,1391757.1,1500,270
14,370,120,3.7,10,196.07,5,180,1562,16.8,19.22,1.51,55940,494.6,19.23,80.48,741.98,15,222.7,288.6,1750,2687,17.23,13.37,562.83,26053.5,279532.2,270,20
14,370,100,74,200,481.91,8,650,3678,86.2,83.21,3.25,526596.4,2790.6,94.1,334.8,14488.6,15,1143.8,1316.3,8364.78,8393,90.95,89.79,11379.37,44835,929027.1,830,280
14,580,150,75.4,130,531.45,6,870,6796,62.6,70.75,3.72,365186.2,4730.8,74.3,186,7874.4,14,886.4,909.2,7930.66,8004,73.57,69.26,4756.68,21855,669640.3,1100,230
14,520,140,109.2,210,323.66,6,1000,5606,149.1,134.8,4.09,1284199.4,6622.5,147.6,432.4,73143.5,14,2220.6,2244.1,9231.76,9286,136.6,140.2,9821,48260,1734973.5,1300,320
15,350,110,35,100,499.25,6,550,5728,52.4,57.65,5.4,262789,2931.4,54.2,59.88,3114.15,15,746.8,815.5,1755,8013,62.78,56.45,3387.72,10646.75,606524.2,710,130
15,620,160,136.4,220,375.15,6,1100,3629,137.4,125.83,3.45,1059966.2,6232.8,117.4,216.2,36571.75,14,1994.6,2025,9185.48,9208,123.37,127.33,9501.3,24130,1660444,1500,330
15,1120,290,358.4,320,421.99,6,1600,7045,160,141.34,4.72,1341072.8,8245,173.8,98.33,17361.2,11,2451.2,2526.4,9254.28,9306,136.56,138.8,9291,12393,1732937.5,1900,430
15,360,100,28.8,80,463.87,8,210,2028,23.1,25.34,2.3,73530.1,754.3,22.99,100.73,1404.45,15,277.8,437,1750,3875,25.69,17.34,1232.42,26822.25,405541.8,310,70
15,460,120,96.6,210,461.32,7,1300,2264,116.3,104.71,2.47,784948.5,4858.1,109.1,149.7,21723.4,15,1534.6,1795.3,9000.91,9022,109.02,112,10411.45,23548,1167697.4,1800,360
15,400,110,40,100,428.61,8,740,6713,59.1,65.61,5.65,339325.9,3878.4,70.2,93,3937.2,14,831.8,938.4,7924.48,7994,71.56,65.65,4294.06,10927.5,648845.6,1000,160
15,430,110,73.1,170,409.62,7,650,3678,86.2,83.21,3.25,526596.4,2790.6,94.1,334.8,14488.6,15,1143.8,1316.3,8364.78,8393,90.95,89.79,11379.37,44835,929027.1,840,210
15,1230,320,86.1,70,479.6,5,240,1627,41,41.25,1.74,160401.5,1217.5,34.4,285.8,6489.1,15,614,608.2,1755,7773,45.91,38.34,1537.96,39066,524764.8,300,90
15,950,250,171,180,358.72,5,580,2918,120.2,107.2,2.29,832123.7,5136.1,109.6,224.55,32585.1,15,1757.7,1817.6,9063.61,9078,112.15,115.7,10304.2,35322,1181856.2,740,240
15,750,200,45,60,423.07,6,360,2628,39.3,40.21,1.52,143737.7,1284.5,33.5,142.9,3244.55,15,554.0819663,663.97,1755,5827,41.79,34.76,1527.55,19533,409677.9,470,80
16,200,100,46,230,445.56,3,820,3882,130.5,117.05,2.45,961139.2,4586.1,112.8,108.1,18285.88,14,1763.9,1837.4,9153.66,9168,120.24,121.94,9576.9,12065,1673301.4,1000,300
16,6700,2500,603,90,279.67,9,580,2247,76.9,79.93,2.04,463829,4107.4,88.2,167.4,7244.3,15,1032.5,1203.3,8271.46,8325,85.37,82.89,8993,22417.5,833494.6,800,150
16,810,210,48.6,60,432.44,6,260,2790,35.7,37.42,1.28,124042.2,1083.9,30.49,131.78,2996.03,15,544,652.8,1755,4718,36.4,30.32,1625.98,28449.75,377633.3,330,80
16,450,120,4.5,10,193.08,7,180,2309,24.3,26.87,3.51,85072.2,867.4,23.92,134.3,1872.6,15,225.7,409.3,1750,4063,27.84,18.37,1549.44,35763,420700.5,260,50
16,780,200,117,150,432.56,6,1000,3157,92.8,96.49,3.05,552124.4,3896.7,96.9,52.2,4396.08,15,1294.2,1288,8555.54,8585,95.35,94.34,12063.5,11491.5,954628.6,1300,230
16,940,250,244.4,260,400.72,5,1400,5606,149.1,134.8,4.09,1284199.4,6622.5,147.6,432.4,73143.5,14,2220.6,2244.1,9231.76,9286,136.6,140.2,9821,48260,1734973.5,1700,370
16,370,120,81.4,220,339.07,5,1600,5606,149.1,134.8,4.09,1284199.4,6622.5,147.6,432.4,73143.5,14,2220.6,2244.1,9231.76,9286,136.6,140.2,9821,48260,1734973.5,2000,310
17,8800,2960,264,30,231.4,8,700,4638,34.6,37.16,2.28,120470.6,1861.2,29.55,87.85,1997.35,15,481.1,667.8,1755,4730,35.67,28.87,1645.98,18966.5,390388.5,1000,50
17,1750,300,52.5,30,400.73,10,130,1892,17.4,20.75,2.46,61843.9,504.5,20.17,107.3,989.3,15,210.1,345.3,1750,2818,19.49,14.2,694.38,34738,410490.1,240,60
17,1520,470,60.8,40,289.33,4,250,2374,38,39.43,0.92,134548.4,1191.1,33.7,71.45,1622.28,15,574.6,680.5,1755,5565,41.03,33.37,1601.79,9766.5,403875,290,60
17,2170,480,195.3,90,439.07,6,340,6788,54.2,59.4,5.41,280451.7,3755.8,58.1,119.75,6228.3,15,795,818.5,1755,8001,63.69,58.55,3347.72,21293.5,589389.6,430,130
17,1020,230,71.4,70,408.78,7,290,4691,49.1,59.29,3.53,212073.3,2103.5,47.5,108.5,5222.8,15,769.6,717.9,1755,8231,56.99,48.4,2556.96,20703.5,605688.7,400,100
17,1410,310,239.7,170,338.79,6,960,2918,120.2,107.2,2.29,832123.7,5136.1,109.6,224.55,32585.1,15,1757.7,1817.6,9063.61,9078,112.15,115.7,10304.2,35322,1181856.2,1300,270
17,1360,350,149.6,110,374.8,5,400,2217,72.9,78.63,1.81,427087.7,4521.3,85.9,83.7,3622.15,15,1014.9,1104.7,8148.33,8186,83.55,80.05,6703.06,11208.75,817526.9,470,150
17,970,250,9.7,10,196.07,5,100,1562,16.8,19.22,1.51,55940,494.6,19.23,80.48,741.98,15,222.7,288.6,1750,2687,17.23,13.37,562.83,26053.5,279532.2,150,20
17,420,110,79.8,190,307,8,750,4079,143.4,131.56,3.44,1137397.7,8758.2,132.6,324.3,54857.63,14,2014.5,2143.3,9216.19,9244,129.24,134.46,10078.4,36195,1654038.4,1000,310
17,530,140,31.8,60,350.38,7,450,4691,49.1,59.29,3.53,212073.3,2103.5,47.5,108.5,5222.8,15,769.6,717.9,1755,8231,56.99,48.4,2556.96,20703.5,605688.7,610,90
17,1920,490,115.2,60,411.09,4,300,1627,41,41.25,1.74,160401.5,1217.5,34.4,285.8,6489.1,15,614,608.2,1755,7773,45.91,38.34,1537.96,39066,524764.8,360,70
17,690,180,89.7,130,444.52,6,540,3255,69.4,76.29,2.84,417524,5146.3,81.7,372,15748.8,14,1005,1270.5,8002.21,8058,79.65,76.92,5062.76,43710,788018.3,660,190
17,500,110,25,50,459.92,9,160,2507,26.9,28.4,3.31,85347.6,1163.3,24.86,36.98,720.7,15,331.3,467.1,1751.67,4198,29.95,19.7,2000.42,9204.5,420359.6,240,70
17,520,140,36.4,70,305.23,6,330,6713,56.2,61.52,6.11,320957.3,3485.8,64.5,239.5,12456.6,15,797.3,809.8,1755,8003,67.81,63.25,3758.77,42587,628132.9,420,110
17,1510,330,166.1,110,341.82,6,640,2247,76.9,79.93,2.04,463829,4107.4,88.2,167.4,7244.3,15,1032.5,1203.3,8271.46,8325,85.37,82.89,8993,22417.5,833494.6,770,140
17,540,140,113.4,210,406.81,7,610,3882,130.5,117.05,2.45,961139.2,4586.1,112.8,108.1,18285.88,14,1763.9,1837.4,9153.66,9168,120.24,121.94,9576.9,12065,1673301.4,890,350
17,470,130,126.9,270,416.13,7,750,5606,149.1,134.8,4.09,1284199.4,6622.5,147.6,432.4,73143.5,14,2220.6,2244.1,9231.76,9286,136.6,140.2,9821,48260,1734973.5,950,430
17,630,170,163.8,260,342.87,6,1100,7045,160,141.34,4.72,1341072.8,8245,173.8,98.33,17361.2,11,2451.2,2526.4,9254.28,9306,136.56,138.8,9291,12393,1732937.5,1300,350
17,370,80,51.8,140,337.33,14,470,3678,86.2,83.21,3.25,526596.4,2790.6,94.1,334.8,14488.6,15,1143.8,1316.3,8364.78,8393,90.95,89.79,11379.37,44835,929027.1,880,270
17,1670,370,83.5,50,291.99,7,410,4691,49.1,59.29,3.53,212073.3,2103.5,47.5,108.5,5222.8,15,769.6,717.9,1755,8231,56.99,48.4,2556.96,20703.5,605688.7,560,80
17,630,160,107.1,170,412.99,6,810,2700,103,101.84,2.65,625829.2,4386.9,100.4,156.6,13188.23,15,1424.1,1584.3,8776.71,8799,101,101.89,13571.8,34474.5,1067772,1000,220
18,680,160,142.8,210,379.13,8,900,3052,124.4,108.42,2.75,921019.4,4602.1,110.3,299.4,43446.8,15,1821.6,1963.7,9114.22,9131,116.56,119.13,9459.4,47096,1391757.1,1400,330
18,1380,360,289.8,210,339.32,5,690,4079,143.4,131.56,3.44,1137397.7,8758.2,132.6,324.3,54857.63,14,2014.5,2143.3,9216.19,9244,129.24,134.46,10078.4,36195,1654038.4,880,300
18,550,150,22,40,308.06,7,200,3321,31.4,33,2.69,116552.6,1430.8,27.68,147.9,2882.8,15,763.2,582.8,1755,4695,32.83,25.62,1936.75,36818,415431.1,270,50
18,1510,330,392.6,260,400.72,6,960,5606,149.1,134.8,4.09,1284199.4,6622.5,147.6,432.4,73143.5,14,2220.6,2244.1,9231.76,9286,136.6,140.2,9821,48260,1734973.5,1200,390
18,990,260,158.4,160,402.83,5,830,3561,98.2,98.64,2.76,602224.7,3819,97.2,104.4,8792.15,15,1298.8,1389.6,8699.73,8735,98.12,98.45,13596.37,22983,973523.7,1000,210
18,1700,290,323,190,417.38,9,820,2264,116.3,104.71,2.47,784948.5,4858.1,109.1,149.7,21723.4,15,1534.6,1795.3,9000.91,9022,109.02,112,10411.45,23548,1167697.4,1300,340
18,1120,250,246.4,220,339.07,7,1200,5606,149.1,134.8,4.09,1284199.4,6622.5,147.6,432.4,73143.5,14,2220.6,2244.1,9231.76,9286,136.6,140.2,9821,48260,1734973.5,1500,350
18,600,160,72,120,291.53,6,630,2700,103,101.84,2.65,625829.2,4386.9,100.4,156.6,13188.23,15,1424.1,1584.3,8776.71,8799,101,101.89,13571.8,34474.5,1067772,770,160
18,1160,260,92.8,80,352.27,7,400,4986,55.5,60.78,3.94,297210.1,3663.5,61.5,179.63,9342.45,15,757.8,861.8,1755,8018,65,60.53,3538.71,31940.25,610502.7,530,120
18,450,120,81,180,324.97,7,920,3052,124.4,108.42,2.75,921019.4,4602.1,110.3,299.4,43446.8,15,1821.6,1963.7,9114.22,9131,116.56,119.13,9459.4,47096,1391757.1,1400,270
18,610,160,73.2,120,302.12,7,440,3561,98.2,98.64,2.76,602224.7,3819,97.2,104.4,8792.15,15,1298.8,1389.6,8699.73,8735,98.12,98.45,13596.37,22983,973523.7,550,160
18,800,250,8,10,229.77,4,40,1381,10,3.91,3,27231.21,316.5,9.85,14.15,152.6,12,197.6795574,152.25,1442.31,1456,9.73,8.34,686.16,8194,122031.7,50,20
18,480,130,62.4,130,403.97,7,420,2247,76.9,79.93,2.04,463829,4107.4,88.2,167.4,7244.3,15,1032.5,1203.3,8271.46,8325,85.37,82.89,8993,22417.5,833494.6,530,190
18,1210,270,193.6,160,318.86,7,680,2918,120.2,107.2,2.29,832123.7,5136.1,109.6,224.55,32585.1,15,1757.7,1817.6,9063.61,9078,112.15,115.7,10304.2,35322,1181856.2,1000,260
18,1910,420,305.6,160,388.7,6,810,2700,103,101.84,2.65,625829.2,4386.9,100.4,156.6,13188.23,15,1424.1,1584.3,8776.71,8799,101,101.89,13571.8,34474.5,1067772,990,210
18,1230,270,123,100,341.94,6,630,3255,69.4,76.29,2.84,417524,5146.3,81.7,372,15748.8,14,1005,1270.5,8002.21,8058,79.65,76.92,5062.76,43710,788018.3,770,140
18,1540,340,338.8,220,339.07,6,660,5606,149.1,134.8,4.09,1284199.4,6622.5,147.6,432.4,73143.5,14,2220.6,2244.1,9231.76,9286,136.6,140.2,9821,48260,1734973.5,830,330
18,1380,360,82.8,60,245.28,5,430,6796,62.6,70.75,3.72,365186.2,4730.8,74.3,186,7874.4,14,886.4,909.2,7930.66,8004,73.57,69.26,4756.68,21855,669640.3,530,90
18,950,250,133,140,337.33,6,610,3678,86.2,83.21,3.25,526596.4,2790.6,94.1,334.8,14488.6,15,1143.8,1316.3,8364.78,8393,90.95,89.79,11379.37,44835,929027.1,750,160
18,1980,510,336.6,170,329.32,5,790,3882,130.5,117.05,2.45,961139.2,4586.1,112.8,108.1,18285.88,14,1763.9,1837.4,9153.66,9168,120.24,121.94,9576.9,12065,1673301.4,1100,260
19,280,90,11.2,40,325.39,6,180,3302,29.5,29.93,3.56,92354.2,1668.9,25.8,73.95,1441.4,15,431.1,550.4,1755,4252,30.13,21.54,2134.49,18409,402158.1,240,50
19,1000,260,160,160,309.95,5,860,3882,130.5,117.05,2.45,961139.2,4586.1,112.8,108.1,18285.88,14,1763.9,1837.4,9153.66,9168,120.24,121.94,9576.9,12065,1673301.4,1200,250
19,1530,390,15.3,10,193.08,5,120,2309,24.3,26.87,3.51,85072.2,867.4,23.92,134.3,1872.6,15,225.7,409.3,1750,4063,27.84,18.37,1549.44,35763,420700.5,160,40
19,640,170,102.4,160,351.48,6,700,2264,116.3,104.71,2.47,784948.5,4858.1,109.1,149.7,21723.4,15,1534.6,1795.3,9000.91,9022,109.02,112,10411.45,23548,1167697.4,930,230
19,400,130,36,90,307.74,5,330,3255,69.4,76.29,2.84,417524,5146.3,81.7,372,15748.8,14,1005,1270.5,8002.21,8058,79.65,76.92,5062.76,43710,788018.3,390,110
19,410,110,20.5,50,301.54,8,400,2964,45.6,51.63,2.67,183726,1298.1,39.7,193.65,7089.53,15,627.6,669.8,1755,8690,51.89,42.87,1976.26,30175.5,611105.4,570,70
19,520,140,57.2,110,341.82,7,420,2247,76.9,79.93,2.04,463829,4107.4,88.2,167.4,7244.3,15,1032.5,1203.3,8271.46,8325,85.37,82.89,8993,22417.5,833494.6,530,160
19,2020,450,282.8,140,310.61,6,500,2859,111.4,104.33,2.5,704586.3,6622.6,107.5,74.85,10861.7,15,1836.6,1932.5,8920.04,8938,110.51,108.51,12423.86,11774,1181572.6,660,200
19,830,260,24.9,30,216.22,4,190,2790,35.7,37.42,1.28,124042.2,1083.9,30.49,131.78,2996.03,15,544,652.8,1755,4718,36.4,30.32,1625.98,28449.75,377633.3,220,40
19,810,210,251.1,310,408.8,6,810,7045,160,141.34,4.72,1341072.8,8245,173.8,98.33,17361.2,11,2451.2,2526.4,9254.28,9306,136.56,138.8,9291,12393,1732937.5,960,420
19,2620,580,786,300,395.62,6,1000,7045,160,141.34,4.72,1341072.8,8245,173.8,98.33,17361.2,11,2451.2,2526.4,9254.28,9306,136.56,138.8,9291,12393,1732937.5,1200,400
19,510,130,20.4,40,300.28,7,150,2898,30.9,31.47,2.68,98042.9,1571.1,26.74,110.93,2162.1,15,412,768,1755,4630,31.3,23.87,1991.43,27613.5,413834.5,200,50
19,1150,260,161,140,307.54,7,990,2264,116.3,104.71,2.47,784948.5,4858.1,109.1,149.7,21723.4,15,1534.6,1795.3,9000.91,9022,109.02,112,10411.45,23548,1167697.4,1400,240
19,1160,260,313.2,270,436.27,7,1200,4079,143.4,131.56,3.44,1137397.7,8758.2,132.6,324.3,54857.63,14,2014.5,2143.3,9216.19,9244,129.24,134.46,10078.4,36195,1654038.4,1600,420
19,940,240,141,150,377.65,6,430,3561,98.2,98.64,2.76,602224.7,3819,97.2,104.4,8792.15,15,1298.8,1389.6,8699.73,8735,98.12,98.45,13596.37,22983,973523.7,510,220
19,540,140,37.8,70,372.41,7,420,7196,51.3,56.13,5.97,249110.7,2562.3,52.8,217,10445.6,15,733.8,815.5,1755,8002,60.74,54.26,2978.26,41407,601988.1,570,100
19,1650,430,297,180,433.72,5,490,3678,86.2,83.21,3.25,526596.4,2790.6,94.1,334.8,14488.6,15,1143.8,1316.3,8364.78,8393,90.95,89.79,11379.37,44835,929027.1,580,200
19,1820,470,382.2,210,379.13,5,720,3052,124.4,108.42,2.75,921019.4,4602.1,110.3,299.4,43446.8,15,1821.6,1963.7,9114.22,9131,116.56,119.13,9459.4,47096,1391757.1,980,300
19,2690,590,591.8,220,339.07,6,1000,5606,149.1,134.8,4.09,1284199.4,6622.5,147.6,432.4,73143.5,14,2220.6,2244.1,9231.76,9286,136.6,140.2,9821,48260,1734973.5,1300,330
19,1600,410,368,230,295.21,5,1500,5909,177.6,147.44,6.88,1451175.9,8146.1,188.9,196.65,34722.4,11,2284.4,2627.5,9297.06,9347,140.9,146.2,10149,24786,1681849.3,1600,300
20,14500,4870,3480,240,303.5,11,750,6370,190.3,154.36,5.33,1523166.6,12930,210.7,294.98,52083.6,11,2595.2,3000,9329.64,9396,148.76,159,9700,37179,1908975.7,700,350
20,5500,1760,1100,200,341.04,6,670,3629,137.4,125.83,3.45,1059966.2,6232.8,117.4,216.2,36571.75,14,1994.6,2025,9185.48,9208,123.37,127.33,9501.3,24130,1660444,900,300
20,14500,5000,580,40,237.03,7,220,3670,46.3,52.26,3.25,192689.2,1979,40.1,258.2,9452.7,15,629.9,764.5,1755,8420,54.62,44.79,2206.19,40234,629797.2,300,60
20,1560,520,624,400,422.6,6,2300,4242,245.1,225,6.54,1670609.2,18690.9,300.5,167.05,32942.75,11,3355.8,3686.3,9403.58,9489.1,179.96,189.5,11763,25464,2303248.1,2000,450
20,810,250,32.4,40,274.06,5,570,1627,41,41.25,1.74,160401.5,1217.5,34.4,285.8,6489.1,15,614,608.2,1755,7773,45.91,38.34,1537.96,39066,524764.8,720,50
20,840,190,67.2,80,273.55,8,650,3255,69.4,76.29,2.84,417524,5146.3,81.7,372,15748.8,14,1005,1270.5,8002.21,8058,79.65,76.92,5062.76,43710,788018.3,840,120
20,1070,280,160.5,150,290.58,6,1500,3882,130.5,117.05,2.45,961139.2,4586.1,112.8,108.1,18285.88,14,1763.9,1837.4,9153.66,9168,120.24,121.94,9576.9,12065,1673301.4,2100,240
20,1060,330,21.2,20,205.31,4,210,1785,19.9,22.28,2.06,64539.9,544.5,21.11,33.58,468.15,15,226.9,347.5,1750,4527,23.28,15.27,897.88,8940.75,519679.8,280,30
20,1390,360,41.7,30,206.95,4,350,2693,36.2,37.64,1.55,134312.5,1529,31.43,175.7,3994.7,15,589.5,765.8,1755,4930,38.7,32.04,1653.06,37933,377828.6,400,40
20,560,220,22.4,40,319.47,3,350,3840,33.4,36.56,2.32,115107.4,2211.5,28.61,43.93,998.68,15,229.2,582.9,1755,4758,34.98,27.13,1859.5,9483.25,408321.5,400,50
20,580,150,104.4,180,348.7,7,1400,3882,130.5,117.05,2.45,961139.2,4586.1,112.8,108.1,18285.88,14,1763.9,1837.4,9153.66,9168,120.24,121.94,9576.9,12065,1673301.4,2100,300
20,2350,610,423,180,324.97,4,860,3052,124.4,108.42,2.75,921019.4,4602.1,110.3,299.4,43446.8,15,1821.6,1963.7,9114.22,9131,116.56,119.13,9459.4,47096,1391757.1,1100,220
20,910,240,163.8,180,277.42,6,960,5606,149.1,134.8,4.09,1284199.4,6622.5,147.6,432.4,73143.5,14,2220.6,2244.1,9231.76,9286,136.6,140.2,9821,48260,1734973.5,1200,270
20,830,260,41.5,50,287.51,4,600,2272,43.4,46.94,1.72,166267.2,1179.5,34.7,64.55,2363.18,15,641.5,652.2,1755,8315,49.92,40.26,1718.9,10058.5,540680.6,730,60
20,1590,410,333.9,210,323.66,5,1100,5606,149.1,134.8,4.09,1284199.4,6622.5,147.6,432.4,73143.5,14,2220.6,2244.1,9231.76,9286,136.6,140.2,9821,48260,1734973.5,1300,290
20,1170,300,163.8,140,337.33,6,510,3678,86.2,83.21,3.25,526596.4,2790.6,94.1,334.8,14488.6,15,1143.8,1316.3,8364.78,8393,90.95,89.79,11379.37,44835,929027.1,630,160
20,3080,680,215.6,70,238.51,5,850,2217,72.9,78.63,1.81,427087.7,4521.3,85.9,83.7,3622.15,15,1014.9,1104.7,8148.33,8186,83.55,80.05,6703.06,11208.75,817526.9,1000,100
20,1120,290,190.4,170,306.91,5,1600,3052,124.4,108.42,2.75,921019.4,4602.1,110.3,299.4,43446.8,15,1821.6,1963.7,9114.22,9131,116.56,119.13,9459.4,47096,1391757.1,2200,240
20,810,250,32.4,40,275.94,4,390,2693,36.2,37.64,1.55,134312.5,1529,31.43,175.7,3994.7,15,589.5,765.8,1755,4930,38.7,32.04,1653.06,37933,377828.6,450,50
20,870,230,208.8,240,308.05,5,1300,5909,177.6,147.44,6.88,1451175.9,8146.1,188.9,196.65,34722.4,11,2284.4,2627.5,9297.06,9347,140.9,146.2,10149,24786,1681849.3,1400,320
20,2310,600,531.3,230,303.3,4,1400,7045,160,141.34,4.72,1341072.8,8245,173.8,98.33,17361.2,11,2451.2,2526.4,9254.28,9306,136.56,138.8,9291,12393,1732937.5,1600,280
20,1370,360,191.8,140,271.21,5,1200,3882,130.5,117.05,2.45,961139.2,4586.1,112.8,108.1,18285.88,14,1763.9,1837.4,9153.66,9168,120.24,121.94,9576.9,12065,1673301.4,1700,220
20,3400,750,714,210,323.66,6,2200,5606,149.1,134.8,4.09,1284199.4,6622.5,147.6,432.4,73143.5,14,2220.6,2244.1,9231.76,9286,136.6,140.2,9821,48260,1734973.5,2700,310
20,2100,600,210,100,288.37,10,640,3157,92.8,96.49,3.05,552124.4,3896.7,96.9,52.2,4396.08,15,1294.2,1288,8555.54,8585,95.35,94.34,12063.5,11491.5,954628.6,970,190
20,1840,420,220.8,120,263.61,5,1500,2264,116.3,104.71,2.47,784948.5,4858.1,109.1,149.7,21723.4,15,1534.6,1795.3,9000.91,9022,109.02,112,10411.45,23548,1167697.4,1900,170
20,1520,350,212.8,140,310.61,13,1200,2859,111.4,104.33,2.5,704586.3,6622.6,107.5,74.85,10861.7,15,1836.6,1932.5,8920.04,8938,110.51,108.51,12423.86,11774,1181572.6,2100,300
20,2500,510,325,130,251.84,6,1100,3882,130.5,117.05,2.45,961139.2,4586.1,112.8,108.1,18285.88,14,1763.9,1837.4,9153.66,9168,120.24,121.94,9576.9,12065,1673301.4,1600,200
20,900,250,45,50,278.32,7,350,4072,47.8,57.88,3.39,198459.6,2034.8,45,54.25,2611.4,15,645.9,744.5,1755,8418,56.37,46.45,2424.37,10351.75,626960.3,480,70
20,1350,350,108,80,251.37,9,830,2734,81.9,81.05,2.44,486347.8,3157.3,90.4,251.1,10866.45,15,1082.5,1176.5,8343.6,8382,87.27,85.56,10555.47,33626.25,865878.9,1100,150
20,600,150,36,60,299.55,6,570,5728,52.4,57.65,5.4,262789,2931.4,54.2,59.88,3114.15,15,746.8,815.5,1755,8013,62.78,56.45,3387.72,10646.75,606524.2,740,80
20,1900,430,285,150,364.41,7,640,2700,103,101.84,2.65,625829.2,4386.9,100.4,156.6,13188.23,15,1424.1,1584.3,8776.71,8799,101,101.89,13571.8,34474.5,1067772,860,220
20,510,160,30.6,60,245.28,9,790,6796,62.6,70.75,3.72,365186.2,4730.8,74.3,186,7874.4,14,886.4,909.2,7930.66,8004,73.57,69.26,4756.68,21855,669640.3,1100,110
20,890,230,35.6,40,237.03,6,350,3670,46.3,52.26,3.25,192689.2,1979,40.1,258.2,9452.7,15,629.9,764.5,1755,8420,54.62,44.79,2206.19,40234,629797.2,460,50
